Job,ID
Warrior,Warrior_str
Warrior,Warrior_dex
Warrior,Warrior_int
Hunter,Hunter_str
Hunter,Hunter_dex
Hunter,Hunter_int
Rogue,Rogue_str
Rogue,Rogue_dex
Rogue,Rogue_int
Mage,Mage_str
Mage,Mage_dex
Mage,Mage_int
BattleMaster,BattleMaster_str
BattleMaster,BattleMaster_dex
BattleMaster,BattleMaster_int
Assassin,Assassin_str
Assassin,Assassin_dex
Assassin,Assassin_int
Wonderer,Wonderer_str
Wonderer,Wonderer_dex
Wonderer,Wonderer_int
Engineer,Engineer_str
Engineer,Engineer_dex
Engineer,Engineer_int